# Physical game collection. One game per line: title,platform[,note[,igdb_id[,cover_url]]]
#  - platform: one of  Mega Drive | PS4 | PS5 | Xbox 360 | Switch | Switch 2
#  - note:     free text shown on the shelf (edition, region, "complete in box"...)
#  - igdb_id:  only to force a specific IGDB entry when the automatic match is wrong
#  - cover_url: link to an image of YOUR box (any http/https image). Used instead of IGDB's cover.
#  - your own cover: put an image in data/covers/<id>.jpg|png|webp (the id is the game's "id" in
#    app/collection/games.json, e.g. the-lion-king-mega-drive). It wins over IGDB's cover.
title,platform,note,igdb_id,cover_url
Sonic the Hedgehog,Mega Drive,,,https://morguefile.wiki/wiki/images/a/a4/Sonic_1_Mega_Drive_cover_art_EU.jpg
The Lion King,Mega Drive,,,https://raw.githubusercontent.com/libretro-thumbnails/Sega_-_Mega_Drive_-_Genesis/master/Named_Boxarts/Lion%20King%2C%20The%20(Europe).png
Sonic & Knuckles,Mega Drive,,,https://raw.githubusercontent.com/libretro-thumbnails/Sega_-_Mega_Drive_-_Genesis/master/Named_Boxarts/Sonic%20_%20Knuckles%20(Europe).png
International Superstar Soccer Deluxe,Mega Drive,,,https://raw.githubusercontent.com/libretro-thumbnails/Sega_-_Mega_Drive_-_Genesis/master/Named_Boxarts/International%20Superstar%20Soccer%20Deluxe%20(Europe).png
The Jungle Book,Mega Drive,,,https://raw.githubusercontent.com/libretro-thumbnails/Sega_-_Mega_Drive_-_Genesis/master/Named_Boxarts/Jungle%20Book%2C%20The%20(Europe).png
QuackShot Starring Donald Duck,Mega Drive,,,https://raw.githubusercontent.com/libretro-thumbnails/Sega_-_Mega_Drive_-_Genesis/master/Named_Boxarts/QuackShot%20Starring%20Donald%20Duck%20(World).png
Castle of Illusion Starring Mickey Mouse,Mega Drive,,,https://raw.githubusercontent.com/libretro-thumbnails/Sega_-_Mega_Drive_-_Genesis/master/Named_Boxarts/Castle%20of%20Illusion%20Starring%20Mickey%20Mouse%20(USA%2C%20Europe).png
Jurassic Park,Mega Drive,,,https://raw.githubusercontent.com/libretro-thumbnails/Sega_-_Mega_Drive_-_Genesis/master/Named_Boxarts/Jurassic%20Park%20(Europe).png
Asterix and the Great Rescue,Mega Drive,,,https://raw.githubusercontent.com/libretro-thumbnails/Sega_-_Mega_Drive_-_Genesis/master/Named_Boxarts/Asterix%20and%20the%20Great%20Rescue%20(Europe)%20(En%2CFr%2CDe%2CEs%2CIt).png
FIFA Soccer 97,Mega Drive,,,https://raw.githubusercontent.com/libretro-thumbnails/Sega_-_Mega_Drive_-_Genesis/master/Named_Boxarts/FIFA%20Soccer%2097%20(USA%2C%20Europe)%20(En%2CFr%2CDe%2CEs%2CIt%2CSv).png
Wimbledon Championship Tennis,Mega Drive,,,https://raw.githubusercontent.com/libretro-thumbnails/Sega_-_Mega_Drive_-_Genesis/master/Named_Boxarts/Wimbledon%20Championship%20Tennis%20(Europe).png
Mega Games 1,Mega Drive,,,https://raw.githubusercontent.com/libretro-thumbnails/Sega_-_Mega_Drive_-_Genesis/master/Named_Boxarts/Mega%20Games%20I%20(Europe).png
Dragon Ball Z: Buyuu Retsuden,Mega Drive,,,https://raw.githubusercontent.com/libretro-thumbnails/Sega_-_Mega_Drive_-_Genesis/master/Named_Boxarts/Dragon%20Ball%20Z%20-%20L'Appel%20du%20Destin%20(France).png
Mighty Morphin Power Rangers: The Movie,Mega Drive,,,https://raw.githubusercontent.com/libretro-thumbnails/Sega_-_Mega_Drive_-_Genesis/master/Named_Boxarts/Mighty%20Morphin%20Power%20Rangers%20-%20The%20Movie%20(Europe).png
Street Racer,Mega Drive,,,https://superretro.com.au/cdn/shop/files/street-racer-mega-drive-54818-6747580_1600x.png?v=1762326396
Sonic the Hedgehog 2,Mega Drive,,,https://superretro.com.au/cdn/shop/products/sonic-the-hedgehog-2-mega-drive-107115-633677_1024x.jpg?v=1681381917
Dynamite Headdy,Mega Drive,,,https://raw.githubusercontent.com/libretro-thumbnails/Sega_-_Mega_Drive_-_Genesis/master/Named_Boxarts/Dynamite%20Headdy%20(Europe).png
Toy Story,Mega Drive,,,https://greenhillszone.com/wp-content/uploads/2015/03/toy-story.jpg
Assassin's Creed Valhalla,PS4,,,
Ghost of Tsushima,PS4,,,
The Last of Us Part II,PS4,,,https://cdn.shopify.com/s/files/1/0248/9538/9795/products/the-last-of-us-part-ii-ps4-24939-935485.jpg?v=1681383394
Shadow of the Colossus,PS4,,,https://cdn.shopify.com/s/files/1/0248/9538/9795/products/shadow-of-the-colossus-ps4-18659-526712.jpg?v=1702961004
Uncharted 4: A Thief's End,PS4,,,https://cdn.shopify.com/s/files/1/0248/9538/9795/files/uncharted-4-a-thiefs-end-ps4-100573-7083883.png?v=1768306825
The Last Guardian,PS4,,,
Detroit: Become Human,PS4,,,https://cdn.shopify.com/s/files/1/0248/9538/9795/products/detroit-become-human-109696-685165.jpg?v=1683642567
Assassin's Creed Origins,PS4,,,https://cdn.shopify.com/s/files/1/0248/9538/9795/files/assassins-creed-origins-ps4-109506-533396.png?v=1744744026
Assassin's Creed Odyssey,PS4,,,
Rise of the Tomb Raider,PS4,,,
God of War,PS4,,,https://cdn.shopify.com/s/files/1/0248/9538/9795/products/god-of-war-ps4-17083-593665.jpg?v=1681373995
Red Dead Redemption 2,PS4,,,
Marvel's Spider-Man,PS4,,,
BioShock: The Collection,PS4,The three BioShock games,,https://cdn.shopify.com/s/files/1/0248/9538/9795/files/bioshock-the-collection-ps4-109500-8896255.png?v=1775106667
Ghost of Yōtei,PS5,,,https://cdn.shopify.com/s/files/1/0248/9538/9795/files/ghost-of-yotei-ps5-57130-2803991.png?v=1770315974
Clair Obscur: Expedition 33,PS5,,,https://cdn.shopify.com/s/files/1/0248/9538/9795/files/clair-obscur-expedition-33-ps5-62824-7803557.jpg?v=1788836051
God of War Ragnarök,PS5,,,
Control,PS5,,,
The Last of Us Part I,PS5,,,https://cdn.shopify.com/s/files/1/0248/9538/9795/products/the-last-of-us-part-i-ps5-34182-345465.jpg?v=1699657247
Assassin's Creed Mirage,PS5,,,
A Plague Tale: Requiem,PS5,,,
Astro Bot,PS5,,,
Assassin's Creed,Xbox 360,,,https://cdn.shopify.com/s/files/1/0248/9538/9795/files/assassins-creed-xbox-360-107651-9120633.png?v=1782088626
Assassin's Creed II,Xbox 360,,,https://cdn.shopify.com/s/files/1/0248/9538/9795/products/assassins-creed-ii-xbox-360-179332.jpg?v=1681370675
Assassin's Creed: Brotherhood,Xbox 360,,,https://cdn.shopify.com/s/files/1/0248/9538/9795/products/assassins-creed-brotherhood-xbox-360-402524.jpg?v=1681370668
Assassin's Creed: Revelations,Xbox 360,,,https://cdn.shopify.com/s/files/1/0248/9538/9795/products/assassins-creed-revelations-xbox-360-305218.jpg?v=1681370678
Assassin's Creed III,Xbox 360,,,https://cdn.shopify.com/s/files/1/0248/9538/9795/files/assassins-creed-iii-xbox-360-107064-374206.jpg?v=1729515117
Assassin's Creed IV: Black Flag,Xbox 360,,,https://cdn.shopify.com/s/files/1/0248/9538/9795/files/assassins-creed-iv-black-flag-xbox-360-102416-788148.jpg?v=1729515117
Gears of War,Xbox 360,,,
Gears of War 2,Xbox 360,,,
Virtua Tennis 3,Xbox 360,,,https://cdn.shopify.com/s/files/1/0248/9538/9795/products/virtua-tennis-3-xbox-360-104333-477613.jpg?v=1681384704
Top Spin 3,Xbox 360,,,https://cdn.shopify.com/s/files/1/0248/9538/9795/products/top-spin-3-xbox-360-105297-762793.jpg?v=1681384210
Project Gotham Racing 4,Xbox 360,,,https://cdn.shopify.com/s/files/1/0248/9538/9795/files/project-gotham-racing-4-xbox-360-103798-976372.png?v=1747065858
Grand Theft Auto IV,Xbox 360,,,https://cdn.shopify.com/s/files/1/0248/9538/9795/products/grand-theft-auto-iv-xbox-360-102348-129248.jpg?v=1681374075
Grand Theft Auto V,Xbox 360,,,https://cdn.shopify.com/s/files/1/0248/9538/9795/files/grand-theft-auto-v-xbox-360-102356-513108.png?v=1734598812
Sonic Origins,Switch,,,
Super Mario Odyssey,Switch,,,
Ori: The Collection,Switch,,,
Super Mario 3D All-Stars,Switch,,,https://cdn.shopify.com/s/files/1/0248/9538/9795/files/super-mario-3d-all-stars-switch-22095-7201863.jpg?v=1773995827
GRIS,Switch,,,
Donkey Kong Bananza,Switch 2,,,https://cdn.shopify.com/s/files/1/0248/9538/9795/files/donkey-kong-bananza-switch-2-52687-2412449.png?v=1757623503
